ID,Name,Category,Active,Song Count
"dewa-19","Dewa 19","Nostalgia 2000s","✓",25
"fiersa-besari","Fiersa Besari","Galau Hits","✓",24
"pamungkas","Pamungkas","Galau Hits","✓",24
"yovie-nuno","Yovie & Nuno","Galau Hits","✓",24
"avril-lavigne","Avril Lavigne","Western Hits","✓",23
"happy-asmara","Happy Asmara","Pop Jawa & Koplo","✓",23
"harry-styles","Harry Styles","Western Hits","✓",23
"hijau-daun","Hijau Daun","Nostalgia 2000s","✓",23
"kunto-aji","Kunto Aji","Galau Hits","✓",23
"britney-spears","Britney Spears","Western Hits","✓",22
"budi-doremi","Budi Doremi","Galau Hits","✓",22
"denny-caknan","Denny Caknan","Pop Jawa & Koplo","✓",22
"ebiet-g-ade","Ebiet G. Ade","Anthem Tongkrongan","✓",22
"john-mayer","John Mayer","Western Hits","✓",22
"justin-timberlake","Justin Timberlake","Western Hits","✓",22
"paramore","Paramore","Western Hits","✓",22
"repvblik","Repvblik","Nostalgia 2000s","✓",22
"alan-walker","Alan Walker","Western Hits","✓",21
"backstreet-boys","Backstreet Boys","Western Hits","✓",21
"ghea-indrawari","Ghea Indrawari","Galau Hits","✓",21
"glenn-fredly","Glenn Fredly","Galau Hits","✓",21
"idgitaf","Idgitaf","Galau Hits","✓",21
"katy-perry","Katy Perry","Western Hits","✓",21
"via-vallen","Via Vallen","Pop Jawa & Koplo","✓",21
"calvin-harris","Calvin Harris","Western Hits","✓",20
"charlie-puth","Charlie Puth","Western Hits","✓",20
"jason-ranti","Jason Ranti","Anthem Tongkrongan","✓",20
"judika","Judika","Galau Hits","✓",20
"lady-gaga","Lady Gaga","Western Hits","✓",20
"nadhif-basalamah","Nadhif Basalamah","Galau Hits","✓",20
"p-nk","P!nk","Western Hits","✓",20
"the-killers","The Killers","Western Hits","✓",20
"andmesh","Andmesh","Galau Hits","✓",19
"barasuara","Barasuara","Anthem Tongkrongan","✓",19
"bunga-citra-lestari","Bunga Citra Lestari","Galau Hits","✓",19
"danilla","Danilla","Galau Hits","✓",19
"feby-putri","Feby Putri","Galau Hits","✓",19
"guyon-waton","Guyon Waton","Pop Jawa & Koplo","✓",19
"monita-tahalea","Monita Tahalea","Galau Hits","✓",19
"rhoma-irama","Rhoma Irama","Pop Jawa & Koplo","✓",19
"shaggydog","Shaggydog","Anthem Tongkrongan","✓",19
"sheila-on-7","Sheila On 7","Nostalgia 2000s","✓",19
"white-shoes-the-couples-company","White Shoes & The Couples Company","Nostalgia 2000s","✓",19
"gita-gutawa","Gita Gutawa","Nostalgia 2000s","✓",18
"isyana-sarasvati","Isyana Sarasvati","Galau Hits","✓",18
"nadin-amizah","Nadin Amizah","Galau Hits","✓",18
"samsons","SAMSONS","Nostalgia 2000s","✓",18
"ungu","Ungu","Nostalgia 2000s","✓",18
"arash-buana","Arash Buana","Galau Hits","✓",17
"dua-lipa","Dua Lipa","Western Hits","✓",17
"eva-celia","Eva Celia","Galau Hits","✓",17
"juicy-luicy","Juicy Luicy","Galau Hits","✓",17
"melly-goeslaw","Melly Goeslaw","Galau Hits","✓",17
"red-hot-chili-peppers","Red Hot Chili Peppers","Western Hits","✓",17
"sal-priadi","Sal Priadi","Galau Hits","✓",17
"sia","Sia","Western Hits","✓",17
"yura-yunita","Yura Yunita","Galau Hits","✓",17
"boyzone","Boyzone","Western Hits","✓",16
"fabio-asher","Fabio Asher","Galau Hits","✓",16
"anggis-devaki","Anggis Devaki","Galau Hits","✓",15
"arctic-monkeys","Arctic Monkeys","Western Hits","✓",15
"ayu-ting-ting","Ayu Ting Ting","Pop Jawa & Koplo","✓",15
"beyonc","Beyoncé","Western Hits","✓",15
"cita-citata","Cita Citata","Pop Jawa & Koplo","✓",15
"dhyo-haw","Dhyo Haw","Anthem Tongkrongan","✓",15
"fall-out-boy","Fall Out Boy","Western Hits","✓",15
"hindia","Hindia","Galau Hits","✓",15
"j-rocks","J-Rocks","Nostalgia 2000s","✓",15
"michael-jackson","Michael Jackson","Western Hits","✓",15
"mytha-lestari","Mytha Lestari","Galau Hits","✓",15
"one-direction","One Direction","Western Hits","✓",15
"paul-partohap","Paul Partohap","Galau Hits","✓",15
"sam-smith","Sam Smith","Western Hits","✓",15
"shawn-mendes","Shawn Mendes","Western Hits","✓",15
"sisitipsi","Sisitipsi","Anthem Tongkrongan","✓",15
"the-beatles","The Beatles","Western Hits","✓",15
"the-chainsmokers","The Chainsmokers","Western Hits","✓",15
"the-weeknd","The Weeknd","Western Hits","✓",15
"vagetoz","Vagetoz","Nostalgia 2000s","✓",15
"vierratale","Vierratale","Galau Hits","✓",15
"adele","Adele","Western Hits","✓",14
"aerosmith","Aerosmith","Western Hits","✓",14
"ariana-grande","Ariana Grande","Western Hits","✓",14
"betrand-putra-onsu","Betrand Putra Onsu","Galau Hits","✓",14
"billie-eilish","Billie Eilish","Western Hits","✓",14
"bruno-mars","Bruno Mars","Western Hits","✓",14
"cakra-khan","Cakra Khan","Galau Hits","✓",14
"ed-sheeran","Ed Sheeran","Western Hits","✓",14
"edane","Edane","Anthem Tongkrongan","✓",14
"efek-rumah-kaca","Efek Rumah Kaca","Anthem Tongkrongan","✓",14
"hendra-kumbara","Hendra Kumbara","Pop Jawa & Koplo","✓",14
"iwan-fals","Iwan Fals","Anthem Tongkrongan","✓",14
"justin-bieber","Justin Bieber","Western Hits","✓",14
"kotak","Kotak","Nostalgia 2000s","✓",14
"lewis-capaldi","Lewis Capaldi","Western Hits","✓",14
"panic-at-the-disco","Panic! At the Disco","Western Hits","✓",14
"radiohead","Radiohead","Western Hits","✓",14
"raim-laode","Raim Laode","Galau Hits","✓",14
"rihanna","Rihanna","Western Hits","✓",14
"shakira","Shakira","Western Hits","✓",14
"sum-41","Sum 41","Western Hits","✓",14
"westlife","Westlife","Western Hits","✓",14
"bon-jovi","Bon Jovi","Western Hits","✓",13
"christina-aguilera","Christina Aguilera","Western Hits","✓",13
"cokelat","Cokelat","Nostalgia 2000s","✓",13
"dadali","Dadali","Nostalgia 2000s","✓",13
"didi-kempot","Didi Kempot","Pop Jawa & Koplo","✓",13
"doel-sumbang","Doel Sumbang","Anthem Tongkrongan","✓",13
"mahalini","Mahalini","Galau Hits","✓",13
"mansyur-s","Mansyur S","Pop Jawa & Koplo","✓",13
"maroon-5","Maroon 5","Western Hits","✓",13
"morfem","Morfem","Anthem Tongkrongan","✓",13
"ntrl","NTRL","Anthem Tongkrongan","✓",13
"rocket-rockers","Rocket Rockers","Anthem Tongkrongan","✓",13
"sheryl-sheinafia","Sheryl Sheinafia","Galau Hits","✓",13
"simple-plan","Simple Plan","Western Hits","✓",13
"virgoun","Virgoun","Galau Hits","✓",13
"air-supply","Air Supply","Western Hits","✓",12
"avicii","Avicii","Western Hits","✓",12
"benyamin-s","Benyamin S.","Anthem Tongkrongan","✓",12
"dewi-perssik","Dewi Perssik","Pop Jawa & Koplo","✓",12
"endank-soekamti","Endank Soekamti","Anthem Tongkrongan","✓",12
"green-day","Green Day","Western Hits","✓",12
"imagine-dragons","Imagine Dragons","Western Hits","✓",12
"kangen-band","Kangen Band","Nostalgia 2000s","✓",12
"onerepublic","OneRepublic","Western Hits","✓",12
"pas-band","Pas Band","Anthem Tongkrongan","✓",12
"payung-teduh","Payung Teduh","Anthem Tongkrongan","✓",12
"pee-wee-gaskins","Pee Wee Gaskins","Anthem Tongkrongan","✓",12
"sammy-simorangkir","Sammy Simorangkir","Galau Hits","✓",12
"scorpions","Scorpions","Western Hits","✓",12
"the-changcuters","The Changcuters","Anthem Tongkrongan","✓",12
"the-script","The Script","Western Hits","✓",12
"afgan","Afgan","Galau Hits","✓",11
"ardhito-pramono","Ardhito Pramono","Galau Hits","✓",11
"brett-young","Brett Young","Western Hits","✓",11
"fitri-carlina","Fitri Carlina","Pop Jawa & Koplo","✓",11
"guns-n-roses","Guns N' Roses","Western Hits","✓",11
"jamrud","Jamrud","Anthem Tongkrongan","✓",11
"keane","Keane","Western Hits","✓",11
"lauv","LAUV","Western Hits","✓",11
"michael-learns-to-rock","Michael Learns to Rock","Western Hits","✓",11
"siti-badriah","Siti Badriah","Pop Jawa & Koplo","✓",11
"slank","Slank","Anthem Tongkrongan","✓",11
"hoobastank","Hoobastank","Western Hits","✓",10
"maliq-d-essentials","MALIQ & D'Essentials","Nostalgia 2000s","✓",10
"my-chemical-romance","My Chemical Romance","Western Hits","✓",10
"rizky-febian","Rizky Febian","Galau Hits","✓",10
"seurieus","Seurieus","Nostalgia 2000s","✓",10
"tipe","Tipe-","Anthem Tongkrongan","✓",10
"tulus","Tulus","Galau Hits","✓",10
"zaskia-gotik","Zaskia Gotik","Pop Jawa & Koplo","✓",10
"eny-sagita","Eny Sagita","Pop Jawa & Koplo","✓",9
"fourtwnty","Fourtwnty","Anthem Tongkrongan","✓",9
"hivi","HIVI!","Nostalgia 2000s","✓",9
"lobow","Lobow","Nostalgia 2000s","✓",9
"lyodra","Lyodra","Galau Hits","✓",9
"ndx-a-k-a","NDX A.K.A","Pop Jawa & Koplo","✓",9
"ndarboy-genk","Ndarboy Genk","Pop Jawa & Koplo","✓",9
"nella-kharisma","Nella Kharisma","Pop Jawa & Koplo","✓",9
"st12","ST12","Nostalgia 2000s","✓",9
"safira-inema","Safira Inema","Pop Jawa & Koplo","✓",9
"superman-is-dead","Superman Is Dead","Anthem Tongkrongan","✓",9
"taylor-swift","Taylor Swift","Western Hits","✓",9
"vita-alvia","Vita Alvia","Pop Jawa & Koplo","✓",9
"yeni-inka","Yeni Inka","Pop Jawa & Koplo","✓",9
"blink-182","blink-182","Western Hits","✓",9
"aftershine","Aftershine","Pop Jawa & Koplo","✓",8
"coldplay","Coldplay","Western Hits","✓",8
"elvy-sukaesih","Elvy Sukaesih","Pop Jawa & Koplo","✓",8
"nirvana","Nirvana","Western Hits","✓",8
"post-malone","Post Malone","Western Hits","✓",8
"t-five","T-Five","Nostalgia 2000s","✓",8
"tony-q-rastafara","Tony Q Rastafara","Anthem Tongkrongan","✓",8
"d-masiv","D'Masiv","Nostalgia 2000s","✓",7
"gildcoustic","Gildcoustic","Pop Jawa & Koplo","✓",7
"ikke-nurjanah","Ikke Nurjanah","Pop Jawa & Koplo","✓",7
"kahitna","Kahitna","Galau Hits","✓",7
"linkin-park","LINKIN PARK","Western Hits","✓",7
"meggy-z","Meggy Z","Pop Jawa & Koplo","✓",7
"miranda-lambert","Miranda Lambert","Western Hits","✓",7
"muse","Muse","Western Hits","✓",7
"project-pop","Project Pop","Anthem Tongkrongan","✓",7
"rita-sugiarto","Rita Sugiarto","Pop Jawa & Koplo","✓",7
"iis-dahlia","Iis Dahlia","Pop Jawa & Koplo","✓",6
"inul-daratista","Inul Daratista","Pop Jawa & Koplo","✓",6
"noah-cyrus","Noah Cyrus","Western Hits","✓",6
"shinta-arsinta","Shinta Arsinta","Pop Jawa & Koplo","✓",6
"tasya-rosmala","Tasya Rosmala","Pop Jawa & Koplo","✓",6
"the-upstairs","The Upstairs","Anthem Tongkrongan","✓",6
"vidi","VIDI","Galau Hits","✓",6
"a-rafiq","A. Rafiq","Pop Jawa & Koplo","✓",5
"ada-band","Ada Band","Nostalgia 2000s","✓",5
"adrian-khalif","Adrian Khalif","Galau Hits","✓",5
"bunglon","Bunglon","Nostalgia 2000s","✓",5
"caca-handika","Caca Handika","Pop Jawa & Koplo","✓",5
"dongker","Dongker","Anthem Tongkrongan","✓",5
"gilga-sahid","Gilga Sahid","Pop Jawa & Koplo","✓",5
"imam-s-arifin","Imam S. Arifin","Pop Jawa & Koplo","✓",5
"marcell","Marcell","Galau Hits","✓",5
"naff","NaFF","Nostalgia 2000s","✓",5
"queen","Queen","Western Hits","✓",5
"raisa","Raisa","Galau Hits","✓",5
"arash","Arash","Western Hits","✓",4
"difarina-indra","Difarina Indra","Pop Jawa & Koplo","✓",4
"dipha-barus","Dipha Barus","Galau Hits","✓",4
"erwin-gutawa","Erwin Gutawa","Galau Hits","✓",4
"maudy-ayunda","Maudy Ayunda","Galau Hits","✓",4
"rendy-pandugo","Rendy Pandugo","Galau Hits","✓",4
"sam-feldt","Sam Feldt","Western Hits","✓",4
"uut-permatasari","Uut Permatasari","Pop Jawa & Koplo","✓",4
"ari-lasso","Ari Lasso","Galau Hits","✓",3
"bernadya","Bernadya","Galau Hits","✓",3
"bradley-cooper","Bradley Cooper","Western Hits","✓",3
"brisia-jodie","Brisia Jodie","Galau Hits","✓",3
"d-essentials","D'Essentials","Nostalgia 2000s","✓",3
"david-guetta","David Guetta","Western Hits","✓",3
"di-atas-rata-rata","Di Atas Rata-Rata","Galau Hits","✓",3
"diskoria","Diskoria","Galau Hits","✓",3
"j-balvin","J Balvin","Western Hits","✓",3
"javi-vera","Javi Vera","Nostalgia 2000s","✓",3
"kygo","Kygo","Western Hits","✓",3
"maliq","MALIQ","Nostalgia 2000s","✓",3
"atb","ATB","Nostalgia 2000s","✓",2
"aitana","Aitana","Western Hits","✓",2
"alan-jackson","Alan Jackson","Nostalgia 2000s","✓",2
"all-stars","All Stars","Nostalgia 2000s","✓",2
"alok","Alok","Western Hits","✓",2
"andi-rianto","Andi Rianto","Galau Hits","✓",2
"anji","Anji","Galau Hits","✓",2
"au-ra","Au/Ra","Western Hits","✓",2
"ayushita","Ayushita","Nostalgia 2000s","✓",2
"bbb","BBB","Nostalgia 2000s","✓",2
"babes-on-the-run","Babes on the Run","Nostalgia 2000s","✓",2
"boy-william","Boy William","Galau Hits","✓",2
"daddy-yankee","Daddy Yankee","Western Hits","✓",2
"divi-roxx-kids","Divi Roxx Kids","Nostalgia 2000s","✓",2
"divinity-ro","Divinity Ro","Nostalgia 2000s","✓",2
"elton-john","Elton John","Western Hits","✓",2
"franky-sahilatua","Franky Sahilatua","Anthem Tongkrongan","✓",2
"gigi-perez","Gigi Perez","Nostalgia 2000s","✓",2
"gombloh","Gombloh","Anthem Tongkrongan","✓",2
"gwen-stefani","Gwen Stefani","Western Hits","✓",2
"imanbek","Imanbek","Western Hits","✓",2
"iwa-k","Iwa K","Galau Hits","✓",2
"iya-terra","Iya Terra","Nostalgia 2000s","✓",2
"jung-kook","Jung Kook","Western Hits","✓",2
"kerispatih","Kerispatih","Nostalgia 2000s","✓",2
"kizz-daniel","Kizz Daniel","Nostalgia 2000s","✓",2
"lsd","LSD","Western Hits","✓",2
"laleilmanino","Laleilmanino","Galau Hits","✓",2
"major-lazer","Major Lazer","Nostalgia 2000s","✓",2
"megan-moroney","Megan Moroney","Nostalgia 2000s","✓",2
"michael-wong","Michael Wong","Nostalgia 2000s","✓",2
"nada-badra","Nada Badra","Galau Hits","✓",2
"noah-kahan","Noah Kahan","Nostalgia 2000s","✓",2
"nuca","Nuca","Galau Hits","✓",2
"partynextdoor","PARTYNEXTDOOR","Western Hits","✓",2
"ran","RAN","Galau Hits","✓",2
"raffi-ahmad","Raffi Ahmad","Nostalgia 2000s","✓",2
"ron-funches","Ron Funches","Western Hits","✓",2
"rossa","Rossa","Galau Hits","✓",2
"sza","SZA","Western Hits","✓",2
"tasha-cobbs-leonard","Tasha Cobbs Leonard","Nostalgia 2000s","✓",2
"ten2five","Ten2Five","Nostalgia 2000s","✓",2
"theovertunes","TheOvertunes","Galau Hits","✓",2
"timbaland","Timbaland","Western Hits","✓",2
"ziva-magnolya","Ziva Magnolya","Galau Hits","✓",2
"nsync","*NSYNC","Western Hits","✓",1
"rif","/Rif","Anthem Tongkrongan","✓",1
"3-doors-down","3 Doors Down","Western Hits","✓",1
"3-pemuda-berbahaya","3 Pemuda Berbahaya","Pop Jawa & Koplo","✓",1
"6-dogs","6 Dogs","Western Hits","✓",1
"a-great-big-world","A Great Big World","Western Hits","✓",1
"afrojack","AFROJACK","Western Hits","✓",1
"ateez","ATEEZ","Nostalgia 2000s","✓",1
"abah-lala","Abah Lala","Pop Jawa & Koplo","✓",1
"ace-hood","Ace Hood","Western Hits","✓",1
"acha-septriasa","Acha Septriasa","Galau Hits","✓",1
"agatha-pricilla","Agatha Pricilla","Galau Hits","✓",1
"aina-abdul","Aina Abdul","Galau Hits","✓",1
"aino-jawo","Aino Jawo","Western Hits","✓",1
"aisha-retno","Aisha Retno","Galau Hits","✓",1
"ajeng-febria","Ajeng Febria","Pop Jawa & Koplo","✓",1
"alesso","Alesso","Western Hits","✓",1
"alice-lee","Alice Lee","Nostalgia 2000s","✓",1
"amber-run","Amber Run","Western Hits","✓",1
"andien","Andien","Galau Hits","✓",1
"angel-du-t","Angel Du$t","Western Hits","✓",1
"anggi-marito","Anggi Marito","Galau Hits","✓",1
"anggun","Anggun","Nostalgia 2000s","✓",1
"anna-kendrick","Anna Kendrick","Western Hits","✓",1
"anneth","Anneth","Galau Hits","✓",1
"ari-l","Ari.l","Galau Hits","✓",1
"armada","Armada","Anthem Tongkrongan","✓",1
"armani-white","Armani White","Western Hits","✓",1
"asake","Asake","Western Hits","✓",1
"ashilla","Ashilla","Galau Hits","✓",1
"atzmus","Atzmus","Nostalgia 2000s","✓",1
"ava-ma","Ava Ma","Western Hits","✓",1
"avenged-sevenfold","Avenged Sevenfold","Western Hits","✓",1
"aziz-harun","Aziz Harun","Galau Hits","✓",1
"b-i","B.I","Galau Hits","✓",1
"bts","BTS","Western Hits","✓",1
"bad-bunny","Bad Bunny","Western Hits","✓",1
"bagarre","Bagarre","Nostalgia 2000s","✓",1
"banditoz-yaow-86","Banditoz Yaow 86","Pop Jawa & Koplo","✓",1
"bang-chan","Bang Chan","Nostalgia 2000s","✓",1
"bang-la-decks","Bang La Decks","Nostalgia 2000s","✓",1
"barrett-wilbert-weed","Barrett Wilbert Weed","Nostalgia 2000s","✓",1
"bayou","Bayou","Western Hits","✓",1
"benelli","Benelli","Galau Hits","✓",1
"bethel-music","Bethel Music","Nostalgia 2000s","✓",1
"billy-ray-cyrus","Billy Ray Cyrus","Nostalgia 2000s","✓",1
"bipolar-sunshine","Bipolar Sunshine","Galau Hits","✓",1
"bizarrap","Bizarrap","Western Hits","✓",1
"bj-rk","Björk","Western Hits","✓",1
"black-coffee","Black Coffee","Western Hits","✓",1
"blonde","Blonde","Galau Hits","✓",1
"brandon-lake","Brandon Lake","Nostalgia 2000s","✓",1
"brent-faiyaz","Brent Faiyaz","Nostalgia 2000s","✓",1
"breskii","Breskii","Galau Hits","✓",1
"bros-project","Bros Project","Nostalgia 2000s","✓",1
"burna-boy","Burna Boy","Western Hits","✓",1
"b-ams","B£AMS","Galau Hits","✓",1
"candil-seurieus","CANDIL SEURIEUS","Nostalgia 2000s","✓",1
"caffeine","Caffeine","Galau Hits","✓",1
"cali-y-el-dandee","Cali y El Dandee","Western Hits","✓",1
"calum-scott","Calum Scott","Galau Hits","✓",1
"candilsaykoji","CandilSaykoji","Nostalgia 2000s","✓",1
"caroline-hjelt","Caroline Hjelt","Western Hits","✓",1
"cast","Cast","Galau Hits","✓",1
"chaka-khan","Chaka Khan","Western Hits","✓",1
"charlotte-fever","Charlotte Fever","Galau Hits","✓",1
"chelsea-olivia","Chelsea Olivia","Nostalgia 2000s","✓",1
"christopher-mintz-plasse","Christopher Mintz-Plasse","Western Hits","✓",1
"clean-bandit","Clean Bandit","Western Hits","✓",1
"clementine-douglas","Clementine Douglas","Western Hits","✓",1
"coconuttreez","Coconuttreez","Anthem Tongkrongan","✓",1
"david-chandra","DAVID CHANDRA","Galau Hits","✓",1
"dj-snake","DJ Snake","Western Hits","✓",1
"doit-band","DOIT Band","Galau Hits","✓",1
"dan-shay","Dan + Shay","Western Hits","✓",1
"dash-berlin","Dash Berlin","Western Hits","✓",1
"david-ryan-harris","David Ryan Harris","Western Hits","✓",1
"davido","Davido","Nostalgia 2000s","✓",1
"deftones","Deftones","Western Hits","✓",1
"delon","Delon","Nostalgia 2000s","✓",1
"dendi-nata","Dendi Nata","Pop Jawa & Koplo","✓",1
"dian-pramana-poetra","Dian Pramana Poetra","Anthem Tongkrongan","✓",1
"diplo","Diplo","Western Hits","✓",1
"disciples","Disciples","Western Hits","✓",1
"disclosure","Disclosure","Western Hits","✓",1
"dora-and-dreamland","Dora And Dreamland","Galau Hits","✓",1
"dragonette","Dragonette","Nostalgia 2000s","✓",1
"drew-love","Drew Love","Western Hits","✓",1
"duma","Duma","Galau Hits","✓",1
"dynoro","Dynoro","Nostalgia 2000s","✓",1
"edric-tjandra","Edric Tjandra","Galau Hits","✓",1
"elle-mclemore","Elle McLemore","Nostalgia 2000s","✓",1
"ellie-goulding","Ellie Goulding","Western Hits","✓",1
"emelie-hollow","Emelie Hollow","Western Hits","✓",1
"eric-erlangga","Eric Erlangga","Galau Hits","✓",1
"evanescence","Evanescence","Nostalgia 2000s","✓",1
"fatboy-slim","Fatboy Slim","Western Hits","✓",1
"fatin","Fatin","Galau Hits","✓",1
"flanella","Flanella","Nostalgia 2000s","✓",1
"florida-georgia-line","Florida Georgia Line","Western Hits","✓",1
"fonola-band","Fonola Band","Galau Hits","✓",1
"for-revenge","For Revenge","Galau Hits","✓",1
"gabby-barrett","Gabby Barrett","Western Hits","✓",1
"geisha","Geisha","Anthem Tongkrongan","✓",1
"gesaffelstein","Gesaffelstein","Western Hits","✓",1
"gigi-d-agostino","Gigi D'Agostino","Nostalgia 2000s","✓",1
"gym-class-heroes","Gym Class Heroes","Western Hits","✓",1
"hugel","HUGEL","Western Hits","✓",1
"haddad-alwi","Haddad Alwi","Nostalgia 2000s","✓",1
"hael-husaini","Hael Husaini","Galau Hits","✓",1
"illenium","ILLENIUM","Western Hits","✓",1
"ilsey","Ilsey","Western Hits","✓",1
"indra-lesmana","Indra Lesmana","Galau Hits","✓",1
"irwansyah","Irwansyah","Galau Hits","✓",1
"jennie","JENNIE","Western Hits","✓",1
"jid","JID","Western Hits","✓",1
"jack-harlow","Jack Harlow","Western Hits","✓",1
"jack","Jack Ü","Western Hits","✓",1
"james-corden","James Corden","Western Hits","✓",1
"jay-sean","Jay Sean","Western Hits","✓",1
"jenn-johnson","Jenn Johnson","Nostalgia 2000s","✓",1
"jennifer-nettles","Jennifer Nettles","Western Hits","✓",1
"jessie-j","Jessie J","Western Hits","✓",1
"jevin-julian","Jevin Julian","Galau Hits","✓",1
"john-summit","John Summit","Western Hits","✓",1
"jon-bon-jovi","Jon Bon Jovi","Western Hits","✓",1
"jona","Jona","Galau Hits","✓",1
"jordy-waelauruw","Jordy Waelauruw","Galau Hits","✓",1
"k-391","K-391","Western Hits","✓",1
"kz-tandingan","KZ Tandingan","Galau Hits","✓",1
"kafin-sulthan","Kafin Sulthan","Galau Hits","✓",1
"karina-salim","Karina Salim","Galau Hits","✓",1
"karmate","Karmate","Galau Hits","✓",1
"katie-ladner","Katie Ladner","Nostalgia 2000s","✓",1
"keith-urban","Keith Urban","Western Hits","✓",1
"kelsea-ballerini","Kelsea Ballerini","Nostalgia 2000s","✓",1
"kendrick-lamar","Kendrick Lamar","Nostalgia 2000s","✓",1
"kenny-chesney","Kenny Chesney","Western Hits","✓",1
"kenny-g","Kenny G","Western Hits","✓",1
"kevin-lavitt","Kevin Lavitt","Galau Hits","✓",1
"khalid","Khalid","Western Hits","✓",1
"kierra-sheard-kelly","Kierra Sheard Kelly","Nostalgia 2000s","✓",1
"kim-petras","Kim Petras","Western Hits","✓",1
"kunal-nayyar","Kunal Nayyar","Western Hits","✓",1
"l-imp-ratrice","L'Impératrice","Galau Hits","✓",1
"l-y-o-n","L.Y.O.N","Galau Hits","✓",1
"lany","LANY","Western Hits","✓",1
"lainey-wilson","Lainey Wilson","Western Hits","✓",1
"lala-widy","Lala Widy","Pop Jawa & Koplo","✓",1
"last-child","Last Child","Galau Hits","✓",1
"lata-mangeshkar","Lata Mangeshkar","Pop Jawa & Koplo","✓",1
"laudya-chintya-bella","Laudya Chintya Bella","Nostalgia 2000s","✓",1
"leann-rimes","LeAnn Rimes","Nostalgia 2000s","✓",1
"lee-know","Lee Know","Nostalgia 2000s","✓",1
"lennon-stella","Lennon Stella","Western Hits","✓",1
"leon-bridges","Leon Bridges","Nostalgia 2000s","✓",1
"lil-kim","Lil' Kim","Western Hits","✓",1
"lily-rose-depp","Lily Rose Depp","Western Hits","✓",1
"lizzo","Lizzo","Western Hits","✓",1
"loco","Loco","Galau Hits","✓",1
"luis-fonsi","Luis Fonsi","Western Hits","✓",1
"luthfi-aulia","Luthfi Aulia","Galau Hits","✓",1
"lyla","Lyla","Galau Hits","✓",1
"mabes-balker","Mabes Balker","Pop Jawa & Koplo","✓",1
"mac-miller","Mac Miller","Western Hits","✓",1
"madonna","Madonna","Western Hits","✓",1
"maizura","Maizura","Galau Hits","✓",1
"marcel-siahaan","Marcel Siahaan","Galau Hits","✓",1
"mariah-carey","Mariah Carey","Western Hits","✓",1
"mark-ronson","Mark Ronson","Western Hits","✓",1
"marthino-lio","Marthino Lio","Galau Hits","✓",1
"martin-garri","Martin Garri","Western Hits","✓",1
"martin-solveig","Martin Solveig","Nostalgia 2000s","✓",1
"matthaios","Matthaios","Galau Hits","✓",1
"meek-mill","Meek Mill","Western Hits","✓",1
"megan-thee-stallion","Megan Thee Stallion","Western Hits","✓",1
"metro-boomin","Metro Boomin","Galau Hits","✓",1
"mike-mohede","Mike Mohede","Galau Hits","✓",1
"mikha-tambayong","Mikha Tambayong","Galau Hits","✓",1
"miley-cyrus","Miley Cyrus","Western Hits","✓",1
"moira-dela-torre","Moira Dela Torre","Galau Hits","✓",1
"mondo-gascaro","Mondo Gascaro","Nostalgia 2000s","✓",1
"morgan-wallen","Morgan Wallen","Western Hits","✓",1
"m-a","Mýa","Western Hits","✓",1
"ndx-aka","NDX AKA","Pop Jawa & Koplo","✓",1
"nas","Nas","Nostalgia 2000s","✓",1
"nate-smith","Nate Smith","Western Hits","✓",1
"nathan-sykes","Nathan Sykes","Western Hits","✓",1
"nicki-minaj","Nicki Minaj","Western Hits","✓",1
"nicky-jam","Nicky Jam","Western Hits","✓",1
"nidji","Nidji","Anthem Tongkrongan","✓",1
"niken-salindry","Niken Salindry","Galau Hits","✓",1
"nitro-fun","Nitro Fun","Nostalgia 2000s","✓",1
"noah","Noah","Anthem Tongkrongan","✓",1
"normani","Normani","Western Hits","✓",1
"oasis","Oasis","Western Hits","✓",1
"oh-wonder","Oh Wonder","Nostalgia 2000s","✓",1
"olivola","Olivola","Galau Hits","✓",1
"once-mekel","Once Mekel","Galau Hits","✓",1
"osman-mir","Osman Mir","Nostalgia 2000s","✓",1
"pearl-jam","Pearl Jam","Nostalgia 2000s","✓",1
"pitbull","Pitbull","Western Hits","✓",1
"polly-money","Polly Money","Galau Hits","✓",1
"prinsa-mandagie","Prinsa Mandagie","Galau Hits","✓",1
"priya-saraiya","Priya Saraiya","Nostalgia 2000s","✓",1
"pusakata","Pusakata","Anthem Tongkrongan","✓",1
"quavo","Quavo","Galau Hits","✓",1
"r3to","R3TO","Galau Hits","✓",1
"rph","RPH","Pop Jawa & Koplo","✓",1
"rzd","RZD","Galau Hits","✓",1
"radja","Radja","Galau Hits","✓",1
"rafi-sudirman","Rafi Sudirman","Galau Hits","✓",1
"rag-n-bone-man","Rag’n’Bone Man","Western Hits","✓",1
"raisa-d-az","Raisa Díaz","Galau Hits","✓",1
"raissa-anggiani","Raissa Anggiani","Galau Hits","✓",1
"rauw-alejandro","Rauw Alejandro","Western Hits","✓",1
"reza","Reza","Anthem Tongkrongan","✓",1
"richard-caddock","Richard Caddock","Nostalgia 2000s","✓",1
"rifka-rachman-experience","Rifka Rachman Experience","Galau Hits","✓",1
"rihanna-and-kanye-west-and-paul-mccartney","Rihanna and Kanye West and Paul McCartney","Western Hits","✓",1
"rizky-teng","Rizky Teng","Galau Hits","✓",1
"robin-thicke","Robin Thicke","Galau Hits","✓",1
"ruben","Ruben","Western Hits","✓",1
"run-dmc","Run-DMC","Western Hits","✓",1
"slaves","SLAVES","Nostalgia 2000s","✓",1
"sprite","SPRITE","Galau Hits","✓",1
"sandra-dianne","Sandra Dianne","Galau Hits","✓",1
"sari-simorangkir","Sari Simorangkir","Galau Hits","✓",1
"sean-kingston","Sean Kingston","Western Hits","✓",1
"sean-paul","Sean Paul","Western Hits","✓",1
"sela-good","Sela Good","Pop Jawa & Koplo","✓",1
"seringai","Seringai","Galau Hits","✓",1
"shreya-ghoshal","Shreya Ghoshal","Nostalgia 2000s","✓",1
"siddharth-mahadevan","Siddharth Mahadevan","Nostalgia 2000s","✓",1
"silk-city","Silk City","Western Hits","✓",1
"siti-nurhaliza","Siti Nurhaliza","Galau Hits","✓",1
"skrille","Skrille","Western Hits","✓",1
"slips","Slips","Nostalgia 2000s","✓",1
"slurs","Slurs","Nostalgia 2000s","✓",1
"sophia-somajo","Sophia Somajo","Western Hits","✓",1
"sophie-simmons","Sophie Simmons","Western Hits","✓",1
"sorana","Sorana","Western Hits","✓",1
"souljah","Souljah","Pop Jawa & Koplo","✓",1
"soumil-shringarpure","Soumil Shringarpure","Nostalgia 2000s","✓",1
"soweto","Soweto","Galau Hits","✓",1
"spicy-knots","Spicy Knots","Nostalgia 2000s","✓",1
"stacey-ryan","Stacey Ryan","Galau Hits","✓",1
"steven","Steven","Anthem Tongkrongan","✓",1
"stray-kids","Stray Kids","Nostalgia 2000s","✓",1
"su-presencia","Su Presencia","Nostalgia 2000s","✓",1
"subtact","Subtact","Nostalgia 2000s","✓",1
"summrs","Summrs","Nostalgia 2000s","✓",1
"swae-lee","Swae Lee","Western Hits","✓",1
"syalala-orkes-milenial","Syalala Orkes Milenial","Pop Jawa & Koplo","✓",1
"treasure","TREASURE","Nostalgia 2000s","✓",1
"tainy","Tainy","Western Hits","✓",1
"tay-money","Tay Money","Nostalgia 2000s","✓",1
"teddy-adhitya","Teddy Adhitya","Galau Hits","✓",1
"teguh-vagetoz","Teguh Vagetoz","Galau Hits","✓",1
"tere","Tere","Anthem Tongkrongan","✓",1
"terry","Terry","Galau Hits","✓",1
"the-adams","The Adams","Galau Hits","✓",1
"the-bakuucakar","The Bakuucakar","Galau Hits","✓",1
"the-benjamin-wright-orchestra","The Benjamin Wright Orchestra","Western Hits","✓",1
"the-couples-company","The Couples Company","Nostalgia 2000s","✓",1
"the-enigma-tng","The Enigma TNG","Nostalgia 2000s","✓",1
"the-peoplepeople","The PeoplePeople","Galau Hits","✓",1
"thriftworks","Thriftworks","Galau Hits","✓",1
"tia","Tia","Galau Hits","✓",1
"tiara-andini","Tiara Andini","Galau Hits","✓",1
"tigapagi","Tigapagi","Galau Hits","✓",1
"tiwa-savage","Tiwa Savage","Nostalgia 2000s","✓",1
"tohpati","Tohpati","Galau Hits","✓",1
"tomine-harket","Tomine Harket","Western Hits","✓",1
"tony-terry","Tony Terry","Galau Hits","✓",1
"topic","Topic","Western Hits","✓",1
"touch-and-go","Touch and Go","Nostalgia 2000s","✓",1
"tracy-chapman","Tracy Chapman","Nostalgia 2000s","✓",1
"transgresja","Transgresja","Nostalgia 2000s","✓",1
"travis-scott","Travis Scott","Nostalgia 2000s","✓",1
"tristam","Tristam","Nostalgia 2000s","✓",1
"tritonal","Tritonal","Western Hits","✓",1
"troye-sivan","Troye Sivan","Western Hits","✓",1
"valentina-ploy","Valentina Ploy","Galau Hits","✓",1
"vikkstar","Vikkstar","Western Hits","✓",1
"vina-panduwinata","Vina Panduwinata","Galau Hits","✓",1
"vision-of-disorder","Vision of Disorder","Nostalgia 2000s","✓",1
"visit-qatar","Visit Qatar","Galau Hits","✓",1
"vivi-artika","Vivi Artika","Pop Jawa & Koplo","✓",1
"wrld","WRLD","Nostalgia 2000s","✓",1
"wheatus","Wheatus","Nostalgia 2000s","✓",1
"white-shoes","White Shoes","Nostalgia 2000s","✓",1
"wijaya-80","Wijaya 80","Galau Hits","✓",1
"willow-sage-hart","Willow Sage Hart","Western Hits","✓",1
"wiz-khalifa","Wiz Khalifa","Western Hits","✓",1
"wugo","Wugo","Galau Hits","✓",1
"yk-niece","YK NIECE","Galau Hits","✓",1
"yaniss-odua","Yaniss Odua","Nostalgia 2000s","✓",1
"yellowcard","Yellowcard","Western Hits","✓",1
"yonnyboii","Yonnyboii","Galau Hits","✓",1
"young-jonn","Young Jonn","Nostalgia 2000s","✓",1
"yuna","Yuna","Galau Hits","✓",1
"zack-tabudlo","Zack Tabudlo","Galau Hits","✓",1
"zooey-deschanel","Zooey Deschanel","Western Hits","✓",1
"eaj","eaJ","Galau Hits","✓",1
"feni","feni","Nostalgia 2000s","✓",1
"hara","hara","Nostalgia 2000s","✓",1
"heysimo","heysimo","Galau Hits","✓",1
"iwrotehaikusaboutcannibalisminyouryearbook","iwrotehaikusaboutcannibalisminyouryearbook","Nostalgia 2000s","✓",1
"jmancurly","jmancurly","Nostalgia 2000s","✓",1
"orange-flavored-cigarettes","orange flavored cigarettes","Nostalgia 2000s","✓",1
"will-i-am","will.i.am","Western Hits","✓",1
"","周震南","Nostalgia 2000s","✓",1